{
  "user": [
    {
      "Username": "deep",
      "id": "deep@12gmail.com",
      "password": "12345",
      "terms": true
    }
  ],
  "country":[
    {
      "id": 1,
      "name":"India"
    },
    {
      "id": 2,
      "name":"U.S.A"
    },
    {
      "id": 3,
      "name":"Canada"
    }
  ],
  "state":[
    {
      "id": 1,
      "name":"India"
    },
    {
      "id": 2,
      "name":"U.S.A"
    },
    {
      "id": 3,
      "name":"Canada"
    }
  ],
  "city":[
    {
      "id": 1,
      "name":"India"
    },
    {
      "id": 2,
      "name":"U.S.A"
    },
    {
      "id": 3,
      "name":"Canada"
    }
  ]

}